{
    "0": {
        "precision": 0.9411764705882353,
        "recall": 0.9819494584837545,
        "f1-score": 0.9611307420494699,
        "support": 277.0
    },
    "1": {
        "precision": 0.8387096774193549,
        "recall": 0.6046511627906976,
        "f1-score": 0.7027027027027027,
        "support": 43.0
    },
    "accuracy": 0.93125,
    "macro avg": {
        "precision": 0.889943074003795,
        "recall": 0.7933003106372261,
        "f1-score": 0.8319167223760864,
        "support": 320.0
    },
    "weighted avg": {
        "precision": 0.927407495256167,
        "recall": 0.93125,
        "f1-score": 0.9264044742622479,
        "support": 320.0
    }
}