feature,importance
alcohol,0.1339166159566968
alcohol_sulphates,0.12274999716940825
acid_ratio,0.0848905184404091
volatile acidity,0.08127088862089178
density,0.07665549690621681
sulphates,0.07588729791299903
total sulfur dioxide,0.07061620271618467
citric acid,0.06728153479984285
residual sugar,0.062300841031149745
chlorides,0.06215104013475519
fixed acidity,0.058535037649785106
pH,0.053845680250121625
free sulfur dioxide,0.04989884841153919
